date,amount,description
2025-06-01,-2400.00,ACME PAYROLL PPD ID: 123456789
2025-06-01,1500.00,AIMCO RENT PMT PPD ID: 4273027363
2025-06-01,13.34,MCDONALD'S F3321
2025-06-01,19.30,WALGREENS #3321
2025-06-02,67.79,SAFEWAY #1822
2025-06-02,7.04,STARBUCKS #4821 SEATTLE WA
2025-06-03,31.88,AMC THEATRES 0831
2025-06-03,46.48,SHELL OIL 57444 DALLAS TX
2025-06-04,48.48,SHELL OIL 57444 DALLAS TX
2025-06-04,18.48,SQ *GREEN MARKET CAFE #403
2025-06-04,87.87,WHOLE FOODS MKT 10234 AUSTIN TX
2025-06-05,25.87,DOORDASH*PIZZA PLACE
2025-06-05,17.99,HULU 877-8244858
2025-06-05,15.49,NETFLIX.COM
2025-06-05,10.99,SPOTIFY USA
2025-06-05,14.34,SQ *GREEN MARKET CAFE #403
2025-06-06,10.33,MCDONALD'S F3321
2025-06-06,14.70,UBER *TRIP HELP.UBER.COM
2025-06-07,57.07,SAFEWAY #1822
2025-06-08,20.22,DOORDASH*PIZZA PLACE
2025-06-08,7.83,STARBUCKS #4821 SEATTLE WA
2025-06-08,52.19,TARGET 00012345
2025-06-09,57.01,TRADER JOE'S #512
2025-06-10,37.81,KROGER #4402 AUSTIN TX
2025-06-10,39.65,TARGET 00012345
2025-06-10,81.72,WHOLE FOODS MKT 10234 AUSTIN TX
2025-06-11,10.21,MCDONALD'S F3321
2025-06-11,66.97,SAFEWAY #1822
2025-06-11,88.15,SAFEWAY #1822
2025-06-12,118.29,COSTCO WHSE #0452
2025-06-12,41.30,KROGER #4402 AUSTIN TX
2025-06-13,14.20,
2025-06-13,172.80,COSTCO WHSE #0452
2025-06-13,9.64,MCDONALD'S F3321
2025-06-14,134.67,COSTCO WHSE #0452
2025-06-14,17.59,DOORDASH*PIZZA PLACE
2025-06-14,118.90,WHOLE FOODS MKT 10234 AUSTIN TX
2025-06-15,-2400.00,ACME PAYROLL PPD ID: 123456789
2025-06-15,14.13,CHIPOTLE 2291 AUSTIN TX
2025-06-15,70.46,SAFEWAY #1822
2025-06-16,37.86,CHEVRON 0098
2025-06-17,118.10,COSTCO WHSE #0452
2025-06-18,43.70,CHEVRON 0098
2025-06-19,74.44,TARGET 00012345
2025-06-19,67.47,TARGET 00012345
2025-06-20,75.09,COMCAST CABLE COMM
2025-06-20,11.39,MCDONALD'S F3321
2025-06-20,114.33,PG&E WEB ONLINE
2025-06-20,66.25,TARGET 00012345
2025-06-20,66.37,VERIZON WIRELESS
2025-06-21,19.86,SQ *GREEN MARKET CAFE #403
2025-06-21,17.65,WALGREENS #3321
2025-06-21,33.00,ZXQJ 8841 KLM
2025-06-22,42.38,AMAZON.COM*2K4LP
2025-06-22,12.85,CHIPOTLE 2291 AUSTIN TX
2025-06-23,54.42,KROGER #4402 AUSTIN TX
2025-06-23,66.76,SAFEWAY #1822
2025-06-24,32.66,DOORDASH*PIZZA PLACE
2025-06-24,64.35,TARGET 00012345
2025-06-25,15.52,CHIPOTLE 2291 AUSTIN TX
2025-06-25,97.37,WHOLE FOODS MKT 10234 AUSTIN TX
2025-06-26,60.00,ACME CORP 2291
2025-06-26,109.26,COSTCO WHSE #0452
2025-06-26,103.49,SAFEWAY #1822
2025-06-27,27.57,AMAZON.COM*2K4LP
2025-06-27,37.91,DOORDASH*PIZZA PLACE
2025-06-27,34.85,WALMART #5421
2025-06-28,10.63,MCDONALD'S F3321
2025-06-29,26.27,AMAZON.COM*2K4LP
2025-06-29,12.55,SQ *GREEN MARKET CAFE #403
2025-06-29,77.01,WHOLE FOODS MKT 10234 AUSTIN TX
2025-06-30,25.97,CHIPOTLE 2291 AUSTIN TX
2025-06-30,27.26,DOORDASH*PIZZA PLACE
2025-06-30,14.29,WALGREENS #3321
2025-07-01,-2400.00,ACME PAYROLL PPD ID: 123456789
2025-07-01,1500.00,AIMCO RENT PMT PPD ID: 4273027363
2025-07-01,33.34,AMAZON.COM*2K4LP
2025-07-01,18.20,CHIPOTLE 2291 AUSTIN TX
2025-07-01,120.00,ZELLE PAYMENT TO J SMITH
2025-07-02,27.89,AMAZON.COM*2K4LP
2025-07-02,34.84,AMC THEATRES 0831
2025-07-03,12.15,CHIPOTLE 2291 AUSTIN TX
2025-07-03,9.38,MCDONALD'S F3321
2025-07-03,47.50,TRADER JOE'S #512
2025-07-04,75.41,KROGER #4402 AUSTIN TX
2025-07-05,158.21,COSTCO WHSE #0452
2025-07-05,17.99,HULU 877-8244858
2025-07-05,15.49,NETFLIX.COM
2025-07-05,10.99,SPOTIFY USA
2025-07-05,50.51,WALMART #5421
2025-07-06,61.83,KROGER #4402 AUSTIN TX
2025-07-07,37.85,CHEVRON 0098
2025-07-08,57.79,SHELL OIL 57444 DALLAS TX
2025-07-08,52.87,TRADER JOE'S #512
2025-07-08,19.01,WALGREENS #3321
2025-07-09,158.23,COSTCO WHSE #0452
2025-07-09,64.78,TARGET 00012345
2025-07-10,42.80,KROGER #4402 AUSTIN TX
2025-07-10,67.03,SAFEWAY #1822
2025-07-10,77.62,TARGET 00012345
2025-07-11,9.99,
2025-07-11,11.98,MCDONALD'S F3321
2025-07-11,115.01,SAFEWAY #1822
2025-07-12,8.25,MCDONALD'S F3321
2025-07-12,17.62,STEAM PURCHASE
2025-07-13,5.87,STARBUCKS #4821 SEATTLE WA
2025-07-14,8.07,MCDONALD'S F3321
2025-07-14,56.66,WHOLE FOODS MKT 10234 AUSTIN TX
2025-07-15,-2400.00,ACME PAYROLL PPD ID: 123456789
2025-07-15,36.01,LYFT *RIDE SAT
2025-07-15,11.78,MCDONALD'S F3321
2025-07-16,65.94,WALMART #5421
2025-07-17,222.59,COSTCO WHSE #0452
2025-07-17,49.14,WALMART #5421
2025-07-18,75.95,SAFEWAY #1822
2025-07-18,64.11,WHOLE FOODS MKT 10234 AUSTIN TX
2025-07-19,1299.00,BEST BUY #512
2025-07-19,23.67,CVS/PHARMACY #1822
2025-07-19,5.88,STARBUCKS #4821 SEATTLE WA
2025-07-20,82.27,COMCAST CABLE COMM
2025-07-20,12.14,MCDONALD'S F3321
2025-07-20,109.68,PG&E WEB ONLINE
2025-07-20,18.92,UBER *TRIP HELP.UBER.COM
2025-07-20,59.51,VERIZON WIRELESS
2025-07-20,99.56,WHOLE FOODS MKT 10234 AUSTIN TX
2025-07-21,41.41,CHEVRON 0098
2025-07-21,20.69,DOORDASH*PIZZA PLACE
2025-07-22,44.21,CHEVRON 0098
2025-07-22,5.49,STARBUCKS #4821 SEATTLE WA
2025-07-23,22.91,CVS/PHARMACY #1822
2025-07-23,49.13,SAFEWAY #1822
2025-07-23,11.18,STEAM PURCHASE
2025-07-24,24.81,CVS/PHARMACY #1822
2025-07-24,91.85,WHOLE FOODS MKT 10234 AUSTIN TX
2025-07-25,12.61,CHIPOTLE 2291 AUSTIN TX
2025-07-25,17.56,MCDONALD'S F3321
2025-07-25,44.24,TRADER JOE'S #512
2025-07-26,19.06,CVS/PHARMACY #1822
2025-07-26,18.50,ZXQJ 8841 KLM
2025-07-27,22.43,CHIPOTLE 2291 AUSTIN TX
2025-07-27,13.58,SQ *GREEN MARKET CAFE #403
2025-07-27,16.41,UBER *TRIP HELP.UBER.COM
2025-07-28,14.35,CHIPOTLE 2291 AUSTIN TX
2025-07-28,25.41,LYFT *RIDE SAT
2025-07-28,29.75,WALMART #5421
2025-07-29,6.03,MCDONALD'S F3321
2025-07-29,11.08,SQ *GREEN MARKET CAFE #403
2025-07-30,10.72,CHIPOTLE 2291 AUSTIN TX
2025-07-30,13.89,CHIPOTLE 2291 AUSTIN TX
2025-07-31,45.00,ACME CORP 2291
2025-07-31,27.31,DOORDASH*PIZZA PLACE
2025-07-31,7.07,MCDONALD'S F3321
2025-07-31,59.89,WHOLE FOODS MKT 10234 AUSTIN TX
2025-08-01,-2400.00,ACME PAYROLL PPD ID: 123456789
2025-08-01,1500.00,AIMCO RENT PMT PPD ID: 4273027363
2025-08-01,19.69,LYFT *RIDE SAT
2025-08-02,11.16,MCDONALD'S F3321
2025-08-02,6.52,MCDONALD'S F3321
2025-08-03,55.65,KROGER #4402 AUSTIN TX
2025-08-03,8.75,MCDONALD'S F3321
2025-08-04,126.69,COSTCO WHSE #0452
2025-08-05,17.99,HULU 877-8244858
2025-08-05,15.49,NETFLIX.COM
2025-08-05,10.99,SPOTIFY USA
2025-08-05,10.33,SQ *GREEN MARKET CAFE #403
2025-08-05,107.28,WHOLE FOODS MKT 10234 AUSTIN TX
2025-08-06,39.85,CHEVRON 0098
2025-08-07,48.20,TRADER JOE'S #512
2025-08-08,87.57,COSTCO WHSE #0452
2025-08-08,122.95,COSTCO WHSE #0452
2025-08-08,31.93,STEAM PURCHASE
2025-08-09,89.88,SAFEWAY #1822
2025-08-10,21.76,LYFT *RIDE SAT
2025-08-10,200.00,ZELLE PAYMENT TO J SMITH
2025-08-11,41.90,WALMART #5421
2025-08-12,12.10,CHIPOTLE 2291 AUSTIN TX
2025-08-12,40.99,KROGER #4402 AUSTIN TX
2025-08-13,19.41,CVS/PHARMACY #1822
2025-08-14,160.19,COSTCO WHSE #0452
2025-08-14,11.86,MCDONALD'S F3321
2025-08-15,23.10,
2025-08-15,-2400.00,ACME PAYROLL PPD ID: 123456789
2025-08-15,24.53,CVS/PHARMACY #1822
2025-08-15,17.29,STEAM PURCHASE
2025-08-16,11.48,MCDONALD'S F3321
2025-08-16,5.11,MCDONALD'S F3321
2025-08-16,53.41,SAFEWAY #1822
2025-08-17,33.70,UBER *TRIP HELP.UBER.COM
2025-08-18,18.54,DOORDASH*PIZZA PLACE
2025-08-19,6.28,MCDONALD'S F3321
2025-08-19,6.59,MCDONALD'S F3321
2025-08-20,84.63,COMCAST CABLE COMM
2025-08-20,59.93,KROGER #4402 AUSTIN TX
2025-08-20,125.43,PG&E WEB ONLINE
2025-08-20,70.38,VERIZON WIRELESS
2025-08-20,640.00,WHOLE FOODS MKT 10234 AUSTIN TX
2025-08-21,16.73,CVS/PHARMACY #1822
2025-08-21,57.42,KROGER #4402 AUSTIN TX
2025-08-22,16.97,UBER *TRIP HELP.UBER.COM
2025-08-22,33.54,WALMART #5421
2025-08-23,6.98,MCDONALD'S F3321
2025-08-23,60.40,SAFEWAY #1822
2025-08-23,73.45,WHOLE FOODS MKT 10234 AUSTIN TX
2025-08-24,14.09,CHIPOTLE 2291 AUSTIN TX
2025-08-24,50.97,TARGET 00012345
2025-08-24,39.60,TRADER JOE'S #512
2025-08-25,24.31,DOORDASH*PIZZA PLACE
2025-08-25,69.47,TRADER JOE'S #512
2025-08-26,31.80,SHELL OIL 57444 DALLAS TX
2025-08-26,52.46,TARGET 00012345
2025-08-27,15.10,SQ *GREEN MARKET CAFE #403
2025-08-27,3.95,STARBUCKS #4821 SEATTLE WA
2025-08-28,35.04,AMC THEATRES 0831
2025-08-28,43.74,TRADER JOE'S #512
2025-08-29,3.22,STARBUCKS #4821 SEATTLE WA
2025-08-29,54.51,TARGET 00012345
2025-08-30,115.95,COSTCO WHSE #0452
2025-08-30,23.12,LYFT *RIDE SAT
2025-08-30,27.00,QRT 9921 PLM
2025-08-30,119.63,WHOLE FOODS MKT 10234 AUSTIN TX
2025-08-31,5.58,STARBUCKS #4821 SEATTLE WA
2025-08-31,26.56,UBER *TRIP HELP.UBER.COM
2025-09-01,-2400.00,ACME PAYROLL PPD ID: 123456789
2025-09-01,1500.00,AIMCO RENT PMT PPD ID: 4273027363
2025-09-01,11.72,CHIPOTLE 2291 AUSTIN TX
2025-09-01,4.26,STARBUCKS #4821 SEATTLE WA
2025-09-02,4.32,STARBUCKS #4821 SEATTLE WA
2025-09-02,15.37,UBER *TRIP HELP.UBER.COM
2025-09-03,149.04,SAFEWAY #1822
2025-09-03,121.63,WHOLE FOODS MKT 10234 AUSTIN TX
2025-09-04,52.00,ACME CORP 2291
2025-09-04,12.61,SQ *GREEN MARKET CAFE #403
2025-09-04,11.92,SQ *GREEN MARKET CAFE #403
2025-09-05,17.99,HULU 877-8244858
2025-09-05,40.82,KROGER #4402 AUSTIN TX
2025-09-05,15.49,NETFLIX.COM
2025-09-05,48.95,SHELL OIL 57444 DALLAS TX
2025-09-05,10.99,SPOTIFY USA
2025-09-06,80.30,SAFEWAY #1822
2025-09-06,16.45,SQ *GREEN MARKET CAFE #403
2025-09-06,5.84,STARBUCKS #4821 SEATTLE WA
2025-09-07,6.58,MCDONALD'S F3321
2025-09-07,7.81,STARBUCKS #4821 SEATTLE WA
2025-09-07,55.40,TARGET 00012345
2025-09-08,232.88,COSTCO WHSE #0452
2025-09-09,12.36,STEAM PURCHASE
2025-09-09,85.00,VENMO PAYMENT
2025-09-09,96.96,WHOLE FOODS MKT 10234 AUSTIN TX
2025-09-10,31.00,
2025-09-10,14.26,UBER *TRIP HELP.UBER.COM
2025-09-10,15.63,UBER *TRIP HELP.UBER.COM
2025-09-11,209.74,COSTCO WHSE #0452
2025-09-11,57.11,KROGER #4402 AUSTIN TX
2025-09-11,15.06,SQ *GREEN MARKET CAFE #403
2025-09-12,56.21,CHEVRON 0098
2025-09-12,16.88,LYFT *RIDE SAT
2025-09-13,156.76,COSTCO WHSE #0452
2025-09-14,17.76,LYFT *RIDE SAT
2025-09-14,49.50,TRADER JOE'S #512
2025-09-15,-2400.00,ACME PAYROLL PPD ID: 123456789
2025-09-15,106.70,COSTCO WHSE #0452
2025-09-16,25.28,LYFT *RIDE SAT
2025-09-16,37.18,SHELL OIL 57444 DALLAS TX
2025-09-17,16.04,SQ *GREEN MARKET CAFE #403
2025-09-17,39.40,TRADER JOE'S #512
2025-09-18,43.56,DOORDASH*PIZZA PLACE
2025-09-18,9.44,MCDONALD'S F3321
2025-09-19,216.67,COSTCO WHSE #0452
2025-09-19,2150.00,DELTA AIR LINES ATLANTA
2025-09-19,60.44,KROGER #4402 AUSTIN TX
2025-09-19,9.88,SQ *GREEN MARKET CAFE #403
2025-09-20,80.60,COMCAST CABLE COMM
2025-09-20,32.95,DOORDASH*PIZZA PLACE
2025-09-20,46.07,KROGER #4402 AUSTIN TX
2025-09-20,116.50,PG&E WEB ONLINE
2025-09-20,56.51,TRADER JOE'S #512
2025-09-20,63.38,VERIZON WIRELESS
2025-09-21,37.32,DOORDASH*PIZZA PLACE
2025-09-21,53.26,SAFEWAY #1822
2025-09-21,53.19,TRADER JOE'S #512
2025-09-22,91.92,COSTCO WHSE #0452
2025-09-22,14.50,WALGREENS #3321
2025-09-23,39.90,SHELL OIL 57444 DALLAS TX
2025-09-23,13.82,SQ *GREEN MARKET CAFE #403
2025-09-24,38.32,AMAZON.COM*2K4LP
2025-09-24,61.40,TARGET 00012345
2025-09-25,53.18,SHELL OIL 57444 DALLAS TX
2025-09-25,45.95,SHELL OIL 57444 DALLAS TX
2025-09-26,38.56,CHEVRON 0098
2025-09-26,72.11,KROGER #4402 AUSTIN TX
2025-09-26,34.88,WALMART #5421
2025-09-27,42.40,CHEVRON 0098
2025-09-27,40.64,TRADER JOE'S #512
2025-09-27,82.73,WHOLE FOODS MKT 10234 AUSTIN TX
2025-09-28,28.84,AMC THEATRES 0831
2025-09-28,5.26,MCDONALD'S F3321
2025-09-28,32.41,UBER *TRIP HELP.UBER.COM
2025-09-29,11.55,CHIPOTLE 2291 AUSTIN TX
2025-09-29,29.97,STEAM PURCHASE
2025-09-30,3.76,STARBUCKS #4821 SEATTLE WA
2025-09-30,6.53,STARBUCKS #4821 SEATTLE WA
